room1,dist,room2
A000__-1,5.4e-05,A108__+1
A001__-1,0.000226,A002__-1
A001__-1,0.000148,L014__-1
A002__-1,0.000226,A001__-1
A002__-1,0.000264,A003__-1
A002__-1,0.000314,C005__-1
A003__-1,0.000264,A002__-1
A101.1__+1,3.1e-05,A101__+1
A101.1__+1,5.9e-05,extra_486_556__+1
A101__+1,3.1e-05,A101.1__+1
A101__+1,0.000105,A103__+1
A101__+1,0.00029,A114__+1
A101__+1,9e-05,extra_486_556__+1
A103__+1,0.000105,A101__+1
A103__+1,0.000106,A104__+1
A103__+1,7.6e-05,A109__+1
A104__+1,0.000106,A103__+1
A104__+1,3.6e-05,A107__+1
A104__+1,6.8e-05,A108__+1
A104__+1,9.3e-05,A119__+1
A104__+1,5.6e-05,A121__+1
A105__+1,4.7e-05,A122__+1
A106.1__+1,4.3e-05,A106__+1
A106.3__+1,4e-05,A106__+1
A106__+1,4.3e-05,A106.1__+1
A106__+1,4e-05,A106.3__+1
A107__+1,3.6e-05,A104__+1
A107__+1,5.4e-05,A213__+2
A108__+1,5.4e-05,A000__-1
A108__+1,6.8e-05,A104__+1
A108__+1,5.4e-05,A214__+2
A109__+1,7.6e-05,A103__+1
A110__+1,7.3e-05,A111.1__+1
A110__+1,5.8e-05,A111__+1
A110__+1,0.000202,A114__+1
A111.1__+1,7.3e-05,A110__+1
A111__+1,5.8e-05,A110__+1
A112__+1,8e-05,A114__+1
A113__+1,0.000122,A114__+1
A114__+1,0.00029,A101__+1
A114__+1,0.000202,A110__+1
A114__+1,8e-05,A112__+1
A114__+1,0.000122,A113__+1
A114__+1,0.000215,A115__+1
A114__+1,0.0002,A116__+1
A114__+1,0.000117,D104__+1
A115__+1,0.000215,A114__+1
A116.1__+1,1.8e-05,A116__+1
A116.2__+1,2.6e-05,A116__+1
A116__+1,0.0002,A114__+1
A116__+1,1.8e-05,A116.1__+1
A116__+1,2.6e-05,A116.2__+1
A117__+1,4.4e-05,A118__+1
A117__+1,4.8e-05,A119__+1
A118__+1,4.4e-05,A117__+1
A119__+1,9.3e-05,A104__+1
A119__+1,4.8e-05,A117__+1
A119__+1,3.3e-05,A120__+1
A120__+1,3.3e-05,A119__+1
A121__+1,5.6e-05,A104__+1
A122__+1,4.7e-05,A105__+1
A201__+2,0.000138,A202__+2
A201__+2,0.000124,A208__+2
A201__+2,0.000154,A211__+2
A201__+2,7.4e-05,A212__+2
A201__+2,4.1e-05,A213__+2
A201__+2,8.5e-05,A214__+2
A201__+2,0.000374,A225__+2
A201__+2,8.4e-05,__+2
A202__+2,0.000138,A201__+2
A202__+2,0.000151,A203__+2
A202__+2,5.1e-05,A208__+2
A203__+2,0.000151,A202__+2
A203__+2,6.6e-05,A204__+2
A203__+2,0.000102,A205__+2
A203__+2,0.000127,A206__+2
A203__+2,2.9e-05,A301__+2
A203__+2,0.000333,C203.1__+2
A204__+2,6.6e-05,A203__+2
A205__+2,0.000102,A203__+2
A206__+2,0.000127,A203__+2
A206__+2,6.9e-05,A207__+2
A207__+2,6.9e-05,A206__+2
A208__+2,0.000124,A201__+2
A208__+2,5.1e-05,A202__+2
A209__+3,0.000101,A302__+3
A209__+3,0.000197,L218.1__+3
A209__+3,7e-05,__+3
A211__+2,0.000154,A201__+2
A212__+2,7.4e-05,A201__+2
A213__+2,5.4e-05,A107__+1
A213__+2,4.1e-05,A201__+2
A214__+2,5.4e-05,A108__+1
A214__+2,8.5e-05,A201__+2
A215__+2,0.000294,A225__+2
A216__+2,0.000249,A225__+2
A217__+2,0.000216,A225__+2
A218__+2,0.00017,A225__+2
A219__+2,0.000107,A225__+2
A220__+2,7.3e-05,A225__+2
A221__+2,0.000105,A225__+2
A222__+2,0.000168,A225__+2
A223.1__+2,5.4e-05,A223__+2
A223__+2,5.4e-05,A223.1__+2
A223__+2,8.6e-05,A224.1__+2
A223__+2,0.000241,A225__+2
A224.1__+2,8.6e-05,A223__+2
A224.1__+2,1.8e-05,A224.2__+2
A224.1__+2,2.6e-05,A224.3__+2
A224.1__+2,0.00029,A225__+2
A224.2__+2,1.8e-05,A224.1__+2
A224.3__+2,2.6e-05,A224.1__+2
A224__+2,0.000305,A225__+2
A225__+2,0.000374,A201__+2
A225__+2,0.000294,A215__+2
A225__+2,0.000249,A216__+2
A225__+2,0.000216,A217__+2
A225__+2,0.00017,A218__+2
A225__+2,0.000107,A219__+2
A225__+2,7.3e-05,A220__+2
A225__+2,0.000105,A221__+2
A225__+2,0.000168,A222__+2
A225__+2,0.000241,A223__+2
A225__+2,0.00029,A224.1__+2
A225__+2,0.000305,A224__+2
A225__+2,0.000193,D202__+2
A301__+2,2.9e-05,A203__+2
A301__+2,5.4e-05,A301__+3
A301__+3,5.4e-05,A301__+2
A301__+3,2.3e-05,A302__+3
A302__+3,0.000101,A209__+3
A302__+3,2.3e-05,A301__+3
A302__+3,9.4e-05,A303__+3
A302__+3,0.000115,A304__+3
A302__+3,7.2e-05,A305__+3
A302__+3,6.6e-05,A306__+3
A302__+3,0.000111,A307__+3
A302__+3,0.000122,A308__+3
A302__+3,1.1e-05,A309__+3
A302__+3,1.6e-05,A310__+3
A302__+3,4.8e-05,A311__+3
A303__+3,9.4e-05,A302__+3
A304__+3,0.000115,A302__+3
A305__+3,7.2e-05,A302__+3
A306__+3,6.6e-05,A302__+3
A307__+3,0.000111,A302__+3
A308__+3,0.000122,A302__+3
A309__+3,1.1e-05,A302__+3
A310__+3,1.6e-05,A302__+3
A311__+3,4.8e-05,A302__+3
C001__+1,0.000106,C106__+1
C001__-1,0.000176,C002__-1
C002__-1,0.000176,C001__-1
C002__-1,0.000421,C003__-1
C003__-1,0.000421,C002__-1
C003__-1,7.1e-05,C004__-1
C003__-1,0.000328,C005__-1
C003__-1,0.000146,C006__-1
C004__-1,7.1e-05,C003__-1
C005__-1,0.000314,A002__-1
C005__-1,0.000328,C003__-1
C006__-1,0.000146,C003__-1
C006__-1,0.000124,C007__-1
C007__-1,0.000124,C006__-1
C007__-1,0.000355,F003__-1
C008__-1,6.4e-05,C009__-1
C009__-1,6.4e-05,C008__-1
C010__-1,0.000121,C011__-1
C010__-1,3.3e-05,C133.1__-1
C011__-1,0.000121,C010__-1
C011__-1,5.1e-05,C012__-1
C012__-1,5.1e-05,C011__-1
C012__-1,6e-05,C013__-1
C012__-1,4.4e-05,C014__-1
C013__-1,6e-05,C012__-1
C014__-1,4.4e-05,C012__-1
C014__-1,9.3e-05,C015__-1
C015__-1,9.3e-05,C014__-1
C015__-1,4.5e-05,C016__-1
C016__-1,4.5e-05,C015__-1
C016__-1,4.9e-05,C017__-1
C017__-1,4.9e-05,C016__-1
C017__-1,5.2e-05,C018__-1
C018__-1,5.2e-05,C017__-1
C102__+1,0.0001,C103__+1
C103__+1,0.0001,C102__+1
C103__+1,0.000111,C104__+1
C103__+1,8.7e-05,C105__+1
C104__+1,0.000111,C103__+1
C105__+1,8.7e-05,C103__+1
C106__+1,0.000106,C001__+1
C106__+1,0.000181,C107__+1
C106__+1,0.000137,C109__+1
C106__+1,9.8e-05,C110__+1
C106__+1,9.9e-05,C111__+1
C106__+1,0.000101,C112__+1
C106__+1,0.000217,C114__+1
C106__+1,0.000222,extra_450_308__+1
C106__+1,0.000354,extra_486_308__+1
C107__+1,0.000181,C106__+1
C107__+1,0.000181,C108__+1
C107__+1,8.5e-05,C112__+1
C107__+1,0.000104,C113__+1
C107__+1,0.000111,E102__+1
C108__+1,0.000181,C107__+1
C108__+1,0.000299,G101__+1
C109.1__+1,5.4e-05,C109__+1
C109.2__+1,5.8e-05,C109__+1
C109.3__+1,5.1e-05,C109__+1
C109__+1,0.000137,C106__+1
C109__+1,5.4e-05,C109.1__+1
C109__+1,5.8e-05,C109.2__+1
C109__+1,5.1e-05,C109.3__+1
C110__+1,9.8e-05,C106__+1
C110__+1,5.4e-05,C230__+2
C111__+1,9.9e-05,C106__+1
C112__+1,0.000101,C106__+1
C112__+1,8.5e-05,C107__+1
C113.1__+1,1.5e-05,C113__+1
C113__+1,0.000104,C107__+1
C113__+1,1.5e-05,C113.1__+1
C114.1__+1,6.6e-05,C114__+1
C114.2__+1,8.4e-05,C114__+1
C114.3__+1,4.2e-05,C114__+1
C114.3__+1,4e-05,C115__+1
C114__+1,0.000217,C106__+1
C114__+1,6.6e-05,C114.1__+1
C114__+1,8.4e-05,C114.2__+1
C114__+1,4.2e-05,C114.3__+1
C114__+1,8.1e-05,C115__+1
C114__+1,7.5e-05,C116__+1
C114__+1,9.4e-05,extra_450_308__+1
C115__+1,4e-05,C114.3__+1
C115__+1,8.1e-05,C114__+1
C116__+1,7.5e-05,C114__+1
C116__+1,0.00012,C117__+1
C117__+1,0.00012,C116__+1
C117__+1,9e-05,C118__+1
C118__+1,9e-05,C117__+1
C118__+1,9.8e-05,C120__+1
C120__+1,9.8e-05,C118__+1
C120__+1,8.9e-05,C121__+1
C120__+1,5.3e-05,C122__+1
C120__+1,0.000107,C123__+1
C120__+1,0.000128,C126__+1
C121.1__+1,2.3e-05,C121__+1
C121__+1,8.9e-05,C120__+1
C121__+1,2.3e-05,C121.1__+1
C122.1__+1,2.4e-05,C122__+1
C122.2__+1,1e-05,C122.3__+1
C122.2__+1,2.4e-05,C122__+1
C122.3__+1,1e-05,C122.2__+1
C122__+1,5.3e-05,C120__+1
C122__+1,2.4e-05,C122.1__+1
C122__+1,2.4e-05,C122.2__+1
C123__+1,0.000107,C120__+1
C123__+1,0.000126,C124__+1
C123__+1,8e-05,C126__+1
C123__+1,0.000215,C127__+1
C124__+1,0.000126,C123__+1
C126__+1,0.000128,C120__+1
C126__+1,8e-05,C123__+1
C127.1__+1,7.6e-05,C127__+1
C127__+1,0.000215,C123__+1
C127__+1,7.6e-05,C127.1__+1
C127__+1,5.9e-05,C128__+1
C127__+1,0.000109,C129__+1
C127__+1,6.4e-05,C133__+1
C128__+1,5.9e-05,C127__+1
C129__+1,0.000109,C127__+1
C129__+1,0.000144,C130__+1
C130__+1,0.000144,C129__+1
C130__+1,6.6e-05,C131__+1
C131__+1,6.6e-05,C130__+1
C131__+1,0.000122,C132__+1
C132__+1,0.000122,C131__+1
C132__+1,6.3e-05,C137__+1
C133.1__+1,5.4e-05,C133.1__-1
C133.1__+1,5.3e-05,C133__+1
C133.1__+1,5.4e-05,C207__+2
C133.1__-1,3.3e-05,C010__-1
C133.1__-1,5.4e-05,C133.1__+1
C133__+1,6.4e-05,C127__+1
C133__+1,5.3e-05,C133.1__+1
C133__+1,6.2e-05,C134__+1
C133__+1,9.9e-05,C135__+1
C133__+1,9e-05,C136__+1
C133__+1,6.1e-05,C137__+1
C134__+1,6.2e-05,C133__+1
C134__+1,5.4e-05,C207__+2
C135.1__+1,3.3e-05,C135__+1
C135__+1,9.9e-05,C133__+1
C135__+1,3.3e-05,C135.1__+1
C136.1__+1,3.3e-05,C136__+1
C136__+1,9e-05,C133__+1
C136__+1,3.3e-05,C136.1__+1
C137__+1,6.3e-05,C132__+1
C137__+1,6.1e-05,C133__+1
C138__+1,5.4e-05,C212__+2
C138__+1,7.7e-05,G101__+1
C201__+2,0.000247,C202__+2
C201__+2,0.000156,C228__+2
C201__+2,0.000109,C229__+2
C201__+2,9.7e-05,C230__+2
C201__+2,0.000113,C231__+2
C201__+2,0.000153,C232__+2
C201__+2,0.000202,C233__+2
C201__+2,0.000257,C234__+2
C201__+2,0.000249,C236__+2
C201__+2,0.000164,D205__+2
C202__+2,0.000247,C201__+2
C202__+2,0.000218,C203__+2
C202__+2,9.7e-05,C226__+2
C202__+2,0.000114,C227__+2
C203.1__+2,0.000333,A203__+2
C203.1__+2,0.000298,C203__+2
C203.1__+2,0.00011,C204__+2
C203.1__+2,7.4e-05,C205__+2
C203.1__+2,4.7e-05,C206.1__+2
C203.1__+2,0.000107,C207__+2
C203.1__+2,0.000178,C208__+2
C203.1__+2,0.000128,C209.1__+2
C203.1__+2,0.000201,C210__+2
C203.1__+2,0.000265,C211__+2
C203.1__+2,0.000267,C212__+2
C203.1__+2,0.000205,C213__+2
C203__+2,0.000218,C202__+2
C203__+2,0.000298,C203.1__+2
C203__+2,0.000125,C214__+2
C203__+2,0.000102,C218__+2
C203__+2,2.9e-05,C219__+2
C203__+2,8.6e-05,C220__+2
C203__+2,4.7e-05,C222__+2
C203__+2,0.000137,C223__+2
C203__+2,0.000178,C224.1__+2
C203__+2,0.000153,C224__+2
C204__+2,0.00011,C203.1__+2
C204__+2,5.6e-05,C205__+2
C205__+2,7.4e-05,C203.1__+2
C205__+2,5.6e-05,C204__+2
C205__+2,7.5e-05,C206.1__+2
C205__+2,5.3e-05,C206__+2
C206.1__+2,4.7e-05,C203.1__+2
C206.1__+2,7.5e-05,C205__+2
C206__+2,5.3e-05,C205__+2
C207__+2,5.4e-05,C133.1__+1
C207__+2,5.4e-05,C134__+1
C207__+2,0.000107,C203.1__+2
C208__+2,0.000178,C203.1__+2
C209.1__+2,0.000128,C203.1__+2
C209.1__+2,6.3e-05,C209.2__+2
C209.1__+2,8.1e-05,C209__+2
C209.2__+2,6.3e-05,C209.1__+2
C209__+2,8.1e-05,C209.1__+2
C210.1__+2,5e-05,C210__+2
C210__+2,0.000201,C203.1__+2
C210__+2,5e-05,C210.1__+2
C211__+2,0.000265,C203.1__+2
C212__+2,5.4e-05,C138__+1
C212__+2,0.000267,C203.1__+2
C212__+2,6.3e-05,C213__+2
C213__+2,0.000205,C203.1__+2
C213__+2,6.3e-05,C212__+2
C214__+2,0.000125,C203__+2
C214__+2,2.4e-05,C218__+2
C215__+2,6e-05,C218__+2
C217__+2,2.5e-05,C218__+2
C218__+2,0.000102,C203__+2
C218__+2,2.4e-05,C214__+2
C218__+2,6e-05,C215__+2
C218__+2,2.5e-05,C217__+2
C219.1__+2,2.9e-05,C219__+2
C219__+2,2.9e-05,C203__+2
C219__+2,2.9e-05,C219.1__+2
C220__+2,8.6e-05,C203__+2
C222.1__+2,2.8e-05,C222__+2
C222__+2,4.7e-05,C203__+2
C222__+2,2.8e-05,C222.1__+2
C223__+2,0.000137,C203__+2
C224.1__+2,0.000178,C203__+2
C224.1__+2,6e-05,C225__+2
C224__+2,0.000153,C203__+2
C224__+2,6.6e-05,C225__+2
C225__+2,6e-05,C224.1__+2
C225__+2,6.6e-05,C224__+2
C226__+2,9.7e-05,C202__+2
C227__+2,0.000114,C202__+2
C228__+2,0.000156,C201__+2
C229__+2,0.000109,C201__+2
C230__+2,5.4e-05,C110__+1
C230__+2,9.7e-05,C201__+2
C230__+2,5.4e-05,C301__+3
C231__+2,0.000113,C201__+2
C232__+2,0.000153,C201__+2
C233__+2,0.000202,C201__+2
C234__+2,0.000257,C201__+2
C235__+2,0.000159,C236__+2
C236__+2,0.000249,C201__+2
C236__+2,0.000159,C235__+2
C301__+3,5.4e-05,C230__+2
C301__+3,2.5e-05,C302__+3
C302__+3,2.5e-05,C301__+3
C302__+3,9.6e-05,C303__+3
C302__+3,0.000124,C308__+3
C303__+3,9.6e-05,C302__+3
C303__+3,0.000168,C304__+3
C303__+3,0.000102,C305__+3
C303__+3,7.7e-05,C306__+3
C303__+3,7.6e-05,C307__+3
C304__+3,0.000168,C303__+3
C305__+3,0.000102,C303__+3
C306__+3,7.7e-05,C303__+3
C307__+3,7.6e-05,C303__+3
C308__+3,0.000124,C302__+3
C308__+3,7.9e-05,C309__+3
C308__+3,8.1e-05,C310__+3
C308__+3,7.4e-05,C311__+3
C309.1__+3,2.2e-05,C309__+3
C309.2__+3,4.8e-05,C309__+3
C309__+3,7.9e-05,C308__+3
C309__+3,2.2e-05,C309.1__+3
C309__+3,4.8e-05,C309.2__+3
C310__+3,8.1e-05,C308__+3
C311__+3,7.4e-05,C308__+3
D001__+1,5.4e-05,D001__-1
D001__+1,9.1e-05,D102__+1
D001__-1,5.4e-05,D001__+1
D001__-1,0.0001,D002__-1
D002__-1,0.0001,D001__-1
D002__-1,6e-05,D003__-1
D002__-1,9.2e-05,D004__-1
D002__-1,9.4e-05,D006__-1
D002__-1,0.000131,D007__-1
D003.1__-1,6.7e-05,D003__-1
D003__-1,6e-05,D002__-1
D003__-1,6.7e-05,D003.1__-1
D004.1__-1,6e-05,D004__-1
D004.2__-1,4.2e-05,D004__-1
D004__-1,9.2e-05,D002__-1
D004__-1,6e-05,D004.1__-1
D004__-1,4.2e-05,D004.2__-1
D005__-1,3.5e-05,D008__-1
D006__-1,9.4e-05,D002__-1
D006__-1,5.4e-05,D006__-2
D006__-2,5.4e-05,D006__-1
D006__-2,0.000119,D0201__-2
D007__-1,0.000131,D002__-1
D007__-1,5.4e-05,D0205__-2
D007__-1,5.4e-05,D107__+1
D008__-1,3.5e-05,D005__-1
D008__-1,5.4e-05,D008__-2
D008__-1,5e-05,D009__-1
D008__-2,5.4e-05,D008__-1
D008__-2,0.000154,D0201__-2
D009__-1,5e-05,D008__-1
D009__-1,0.000241,D010__-1
D010__-1,0.000241,D009__-1
D0201__-2,0.000119,D006__-2
D0201__-2,0.000154,D008__-2
D0201__-2,8.8e-05,D0202__-2
D0201__-2,0.000129,D0203__-2
D0201__-2,0.000107,D0205__-2
D0201__-2,9.9e-05,D0206__-2
D0201__-2,0.000164,D0207__-2
D0201__-2,0.000103,D0209__-2
D0202__-2,8.8e-05,D0201__-2
D0203__-2,0.000129,D0201__-2
D0205__-2,5.4e-05,D007__-1
D0205__-2,0.000107,D0201__-2
D0206__-2,9.9e-05,D0201__-2
D0207__-2,0.000164,D0201__-2
D0209__-2,0.000103,D0201__-2
D101__+1,6e-05,D102__+1
D101__+1,7.3e-05,extra_528_390__+1
D102__+1,9.1e-05,D001__+1
D102__+1,6e-05,D101__+1
D102__+1,0.000243,D104__+1
D102__+1,0.000164,D105__+1
D102__+1,6.4e-05,D106__+1
D102__+1,0.00012,D107__+1
D102__+1,0.000125,extra_528_390__+1
D104__+1,0.000117,A114__+1
D104__+1,0.000243,D102__+1
D105__+1,0.000164,D102__+1
D106__+1,6.4e-05,D102__+1
D106__+1,5.4e-05,D106__+2
D106__+2,5.4e-05,D106__+1
D106__+2,9.6e-05,D201__+2
D107__+1,5.4e-05,D007__-1
D107__+1,0.00012,D102__+1
D107__+1,5.4e-05,D206__+2
D201__+2,9.6e-05,D106__+2
D201__+2,0.000216,D202__+2
D201__+2,0.000138,D203__+2
D201__+2,0.000158,D204__+2
D201__+2,0.000215,D205__+2
D201__+2,0.000101,D206__+2
D202__+2,0.000193,A225__+2
D202__+2,0.000216,D201__+2
D203__+2,0.000138,D201__+2
D204__+2,0.000158,D201__+2
D205__+2,0.000164,C201__+2
D205__+2,0.000215,D201__+2
D206__+2,5.4e-05,D107__+1
D206__+2,0.000101,D201__+2
E001__-1,0.000164,E026__-1
E002__-1,0.000216,E026__-1
E003__-1,0.000222,E026__-1
E004__-1,0.000215,E026__-1
E005__-1,9.8e-05,E006__-1
E005__-1,0.000225,E026__-1
E006__-1,9.8e-05,E005__-1
E006__-1,0.000133,E026__-1
E007.1__-1,2.2e-05,E007__-1
E007__-1,2.2e-05,E007.1__-1
E007__-1,9.2e-05,E026__-1
E008__-1,4.5e-05,E026__-1
E009__-1,2.2e-05,E022__-1
E009__-1,3.9e-05,E026__-1
E010__-1,7.6e-05,E026__-1
E011__-1,7e-05,E026__-1
E012__-1,0.000151,E026__-1
E013.1__-1,3.3e-05,E013__-1
E013__-1,3.3e-05,E013.1__-1
E013__-1,0.000144,E026__-1
E014.1__-1,3.3e-05,E014__-1
E014__-1,3.3e-05,E014.1__-1
E014__-1,0.000149,E026__-1
E015__-1,0.000202,E026__-1
E016__-1,0.000217,E026__-1
E017__-1,0.000135,E026__-1
E018__-1,9.7e-05,E026__-1
E019__-1,0.000102,E026__-1
E020__-1,0.000126,E026__-1
E022__-1,2.2e-05,E009__-1
E026__-1,0.000164,E001__-1
E026__-1,0.000216,E002__-1
E026__-1,0.000222,E003__-1
E026__-1,0.000215,E004__-1
E026__-1,0.000225,E005__-1
E026__-1,0.000133,E006__-1
E026__-1,9.2e-05,E007__-1
E026__-1,4.5e-05,E008__-1
E026__-1,3.9e-05,E009__-1
E026__-1,7.6e-05,E010__-1
E026__-1,7e-05,E011__-1
E026__-1,0.000151,E012__-1
E026__-1,0.000144,E013__-1
E026__-1,0.000149,E014__-1
E026__-1,0.000202,E015__-1
E026__-1,0.000217,E016__-1
E026__-1,0.000135,E017__-1
E026__-1,9.7e-05,E018__-1
E026__-1,0.000102,E019__-1
E026__-1,0.000126,E020__-1
E102__+1,0.000111,C107__+1
E102__+1,0.000256,E103__+1
E103__+1,0.000256,E102__+1
E103__+1,0.000157,E104__+1
E103__+1,0.000131,E105__+1
E103__+1,0.000256,E106__+1
E103__+1,0.000212,E107__+1
E103__+1,0.000183,E108__+1
E103__+1,0.00013,E112__+1
E103__+1,0.000153,E113__+1
E103__+1,0.0002,E114__+1
E104__+1,0.000157,E103__+1
E105__+1,0.000131,E103__+1
E106__+1,0.000256,E103__+1
E106__+1,4.5e-05,E109__+1
E106__+1,4.8e-05,E110__+1
E107__+1,0.000212,E103__+1
E108__+1,0.000183,E103__+1
E109__+1,4.5e-05,E106__+1
E110__+1,4.8e-05,E106__+1
E112__+1,0.00013,E103__+1
E113__+1,0.000153,E103__+1
E113__+1,4.9e-05,E115__+1
E114__+1,0.0002,E103__+1
E114__+1,4.9e-05,E116__+1
E115__+1,4.9e-05,E113__+1
E116__+1,4.9e-05,E114__+1
F001__+1,5.4e-05,F001__-1
F001__-1,5.4e-05,F001__+1
F001__-1,7e-05,F002__-1
F002__-1,7e-05,F001__-1
F002__-1,7.8e-05,F003__-1
F003__-1,0.000355,C007__-1
F003__-1,7.8e-05,F002__-1
F003__-1,0.00022,F004__-1
F004__-1,0.00022,F003__-1
F004__-1,4.3e-05,F005__-1
F004__-1,5.1e-05,F006__-1
F004__-1,4.5e-05,F007__-1
F005__-1,4.3e-05,F004__-1
F006__-1,5.1e-05,F004__-1
F007__-1,4.5e-05,F004__-1
F101__+1,6.6e-05,F103__+1
F101__+1,0.000221,F109__+1
F101__+1,5.6e-05,F113__+1
F101__+1,0.00013,F118__+1
F101__+1,0.000401,G101__+1
F103__+1,6.6e-05,F101__+1
F103__+1,4e-05,F104__+1
F104__+1,4e-05,F103__+1
F104__+1,5.6e-05,F105__+1
F104__+1,7.4e-05,F106__+1
F104__+1,4.8e-05,F209__+1
F105__+1,5.6e-05,F104__+1
F106__+1,7.4e-05,F104__+1
F106__+1,4.9e-05,F107__+1
F107__+1,4.9e-05,F106__+1
F108.1__+1,6.3e-05,F109__+1
F108.2__+1,4.9e-05,F109__+1
F109__+1,0.000221,F101__+1
F109__+1,6.3e-05,F108.1__+1
F109__+1,4.9e-05,F108.2__+1
F109__+1,4.6e-05,F111__+1
F110__+1,6.3e-05,F111__+1
F111__+1,4.6e-05,F109__+1
F111__+1,6.3e-05,F110__+1
F112__+1,5.4e-05,F113__+1
F113__+1,5.6e-05,F101__+1
F113__+1,5.4e-05,F112__+1
F113__+1,4.5e-05,F115__+1
F113__+1,5.9e-05,F200__+1
F114__+1,5.6e-05,F115__+1
F115__+1,4.5e-05,F113__+1
F115__+1,5.6e-05,F114__+1
F117__+1,5.4e-05,F118__+1
F118__+1,0.00013,F101__+1
F118__+1,5.4e-05,F117__+1
F118__+1,4.5e-05,F120__+1
F118__+1,5.9e-05,F121__+1
F119__+1,5.6e-05,F120__+1
F120__+1,4.5e-05,F118__+1
F120__+1,5.6e-05,F119__+1
F121__+1,5.9e-05,F118__+1
F121__+1,5.4e-05,F219__+2
F121__+2,2.3e-05,F223__+2
F200__+1,5.9e-05,F113__+1
F200__+1,5.4e-05,F200__+2
F200__+2,5.4e-05,F200__+1
F200__+2,5e-05,F202__+2
F201__+2,4.2e-05,F202__+2
F201__+2,4.7e-05,F204__+2
F201__+2,3.5e-05,F205__+2
F202__+2,5e-05,F200__+2
F202__+2,4.2e-05,F201__+2
F202__+2,5.8e-05,F203__+2
F203__+2,5.8e-05,F202__+2
F204__+2,4.7e-05,F201__+2
F205__+2,3.5e-05,F201__+2
F205__+2,4.3e-05,F206__+2
F205__+2,4.5e-05,F207__+2
F205__+2,7.6e-05,F210__+2
F206__+2,4.3e-05,F205__+2
F207__+2,4.5e-05,F205__+2
F207__+2,1.3e-05,F208__+2
F208__+2,1.3e-05,F207__+2
F209__+1,4.8e-05,F104__+1
F209__+1,5.4e-05,F209__+2
F209__+2,5.4e-05,F209__+1
F209__+2,1.3e-05,F210__+2
F210__+2,7.6e-05,F205__+2
F210__+2,1.3e-05,F209__+2
F210__+2,8.9e-05,F211__+2
F210__+2,5.7e-05,F212__+2
F210__+2,7.2e-05,F213__+2
F210__+2,8.3e-05,F214__+2
F211__+2,8.9e-05,F210__+2
F212__+2,5.7e-05,F210__+2
F213__+2,7.2e-05,F210__+2
F214__+2,8.3e-05,F210__+2
F214__+2,6.9e-05,F215__+2
F214__+2,3.2e-05,F218__+2
F215__+2,6.9e-05,F214__+2
F215__+2,6.3e-05,F216__+2
F216__+2,6.3e-05,F215__+2
F216__+2,6e-05,F218__+2
F218__+2,3.2e-05,F214__+2
F218__+2,6e-05,F216__+2
F219__+2,5.4e-05,F121__+1
F219__+2,4.2e-05,F223__+2
F220__+2,6.5e-05,F223__+2
F221__+2,6.1e-05,F223__+2
F222__+2,6.1e-05,F223__+2
F223__+2,2.3e-05,F121__+2
F223__+2,4.2e-05,F219__+2
F223__+2,6.5e-05,F220__+2
F223__+2,6.1e-05,F221__+2
F223__+2,6.1e-05,F222__+2
G001.1__-1,5.2e-05,G001__-1
G001__-1,5.2e-05,G001.1__-1
G002__+1,2.9e-05,G109__+1
G101__+1,0.000299,C108__+1
G101__+1,7.7e-05,C138__+1
G101__+1,0.000401,F101__+1
G101__+1,0.000157,G102__+1
G101__+1,0.00012,G103__+1
G101__+1,3.2e-05,G104__+1
G101__+1,3.5e-05,G105__+1
G101__+1,6.7e-05,G106__+1
G101__+1,0.000118,G107__+1
G101__+1,0.000406,I101.1__+1
G102.1__+1,4.2e-05,G102__+1
G102__+1,0.000157,G101__+1
G102__+1,4.2e-05,G102.1__+1
G103.1__+1,2.1e-05,G103.2__+1
G103.1__+1,4.2e-05,G103__+1
G103.2__+1,2.1e-05,G103.1__+1
G103__+1,0.00012,G101__+1
G103__+1,4.2e-05,G103.1__+1
G104__+1,3.2e-05,G101__+1
G105__+1,3.5e-05,G101__+1
G106__+1,6.7e-05,G101__+1
G106__+1,5.4e-05,G203__+2
G106__+2,7.7e-05,G201__+2
G107__+1,0.000118,G101__+1
G107__+1,0.000142,G108__+1
G107__+1,6.3e-05,G109__+1
G108__+1,0.000142,G107__+1
G109__+1,2.9e-05,G002__+1
G109__+1,6.3e-05,G107__+1
G201__+2,7.7e-05,G106__+2
G201__+2,0.000142,G202__+2
G201__+2,6.7e-05,G203__+2
G202__+2,0.000142,G201__+2
G203__+2,5.4e-05,G106__+1
G203__+2,6.7e-05,G201__+2
I000__+1,5.4e-05,I000__-1
I000__-1,5.4e-05,I000__+1
I000__-1,0.000162,I001__-1
I001__-1,0.000162,I000__-1
I001__-1,0.000269,I002__-1
I001__-1,0.00015,I003__-1
I001__-1,0.000124,I005__-1
I002__-1,0.000269,I001__-1
I003__-1,0.00015,I001__-1
I005__-1,0.000124,I001__-1
I101.1__+1,0.000406,G101__+1
I101.1__+1,0.000417,I101.2__+1
I101.1__+1,0.000399,I102__+1
I101.1__+1,0.000214,I106__+1
I101.1__+1,8.9e-05,I110__+1
I101.1__+1,0.000145,I114__+1
I101.1__+1,0.000223,I118__+1
I101.2__+1,0.000417,I101.1__+1
I101.2__+1,3.1e-05,I101.3__+1
I101.3__+1,3.1e-05,I101.2__+1
I102__+1,0.000399,I101.1__+1
I102__+1,4.7e-05,I103__+1
I102__+1,4.7e-05,I104__+1
I102__+1,5.7e-05,I105__+1
I103.1__+1,5.7e-05,I103__+1
I103__+1,4.7e-05,I102__+1
I103__+1,5.7e-05,I103.1__+1
I104__+1,4.7e-05,I102__+1
I105__+1,5.7e-05,I102__+1
I105__+1,5.4e-05,I105__+2
I105__+2,5.4e-05,I105__+1
I105__+2,5.6e-05,I201__+2
I106__+1,0.000214,I101.1__+1
I106__+1,5.9e-05,I107__+1
I106__+1,4.7e-05,I108__+1
I106__+1,5.6e-05,I109__+1
I107__+1,5.9e-05,I106__+1
I108__+1,4.7e-05,I106__+1
I109__+1,5.6e-05,I106__+1
I109__+1,5.4e-05,I109__+2
I109__+2,5.4e-05,I109__+1
I109__+2,1.1e-05,I205__+2
I110__+1,8.9e-05,I101.1__+1
I110__+1,5.9e-05,I111__+1
I110__+1,4.7e-05,I112__+1
I110__+1,5.6e-05,I113__+1
I111__+1,5.9e-05,I110__+1
I112__+1,4.7e-05,I110__+1
I113__+1,5.6e-05,I110__+1
I113__+1,5.4e-05,I113__+2
I113__+2,5.4e-05,I113__+1
I113__+2,6e-06,I207__+2
I114__+1,0.000145,I101.1__+1
I114__+1,5.9e-05,I115__+1
I114__+1,4.7e-05,I116__+1
I114__+1,5.6e-05,I117__+1
I115__+1,5.9e-05,I114__+1
I116__+1,4.7e-05,I114__+1
I117__+1,5.6e-05,I114__+1
I117__+1,5.4e-05,I117__+2
I117__+2,5.4e-05,I117__+1
I117__+2,6e-06,I210__+2
I118__+1,0.000223,I101.1__+1
I118__+1,7.5e-05,I119__+1
I118__+1,3.9e-05,I120__+1
I118__+1,4.3e-05,I121__+1
I119.1__+1,4.3e-05,I119__+1
I119__+1,7.5e-05,I118__+1
I119__+1,4.3e-05,I119.1__+1
I120__+1,3.9e-05,I118__+1
I121__+1,4.3e-05,I118__+1
I121__+1,5.4e-05,I121__+2
I121__+2,5.4e-05,I121__+1
I121__+2,2.1e-05,I213__+2
I201__+2,5.6e-05,I105__+2
I201__+2,3.5e-05,I202__+2
I201__+2,4.6e-05,I203__+2
I202.1__+2,6e-05,I202__+2
I202.2__+2,2.6e-05,I202__+2
I202__+2,3.5e-05,I201__+2
I202__+2,6e-05,I202.1__+2
I202__+2,2.6e-05,I202.2__+2
I203__+2,4.6e-05,I201__+2
I203__+2,0.00012,I204__+2
I204.1__+2,5.2e-05,I204__+2
I204.2__+2,2.7e-05,I204__+2
I204__+2,0.00012,I203__+2
I204__+2,5.2e-05,I204.1__+2
I204__+2,2.7e-05,I204.2__+2
I205__+2,1.1e-05,I109__+2
I205__+2,3.5e-05,I206.1__+2
I205__+2,5.2e-05,I206__+2
I206.1__+2,3.5e-05,I205__+2
I206__+2,5.2e-05,I205__+2
I207__+2,6e-06,I113__+2
I207__+2,5.8e-05,I208__+2
I207__+2,7.7e-05,I209__+2
I208.1__+2,6e-05,I208__+2
I208__+2,5.8e-05,I207__+2
I208__+2,6e-05,I208.1__+2
I209.1__+2,5.2e-05,I209__+2
I209__+2,7.7e-05,I207__+2
I209__+2,5.2e-05,I209.1__+2
I210__+2,6e-06,I117__+2
I210__+2,5.8e-05,I211__+2
I210__+2,7.7e-05,I212__+2
I211.1__+2,5.8e-05,I211__+2
I211__+2,5.8e-05,I210__+2
I211__+2,5.8e-05,I211.1__+2
I212.1__+2,5.2e-05,I212__+2
I212__+2,7.7e-05,I210__+2
I212__+2,5.2e-05,I212.1__+2
I213__+2,2.1e-05,I121__+2
I213__+2,6.1e-05,I214__+2
I213__+2,7.5e-05,I215__+2
I214.1__+2,5.1e-05,I214__+2
I214__+2,6.1e-05,I213__+2
I214__+2,5.1e-05,I214.1__+2
I215.1__+2,4.3e-05,I215__+2
I215__+2,7.5e-05,I213__+2
I215__+2,4.3e-05,I215.1__+2
J103__+1,6e-05,J104__+1
J104__+1,6e-05,J103__+1
L001.1__-1,3e-05,L001__-1
L001__-1,3e-05,L001.1__-1
L001__-1,7.2e-05,L002__-1
L001__-1,5.4e-05,L110__+1
L002__-1,7.2e-05,L001__-1
L002__-1,0.000286,L003__-1
L002__-1,3.9e-05,L019__-1
L002__-1,4.3e-05,L020__-1
L002__-1,0.000303,L021__-1
L002__-1,5.9e-05,L028__-1
L002__-1,4.2e-05,L029__-1
L002__-1,3.6e-05,L030__-1
L002__-1,6e-05,L031__-1
L003__-1,0.000286,L002__-1
L003__-1,0.000219,L004__-1
L003__-1,6.4e-05,L005__-1
L003__-1,8.4e-05,L006__-1
L003__-1,0.000141,L007__-1
L003__-1,0.000194,L008__-1
L003__-1,0.000273,L010__-1
L003__-1,0.000264,L011__-1
L003__-1,0.000177,L012__-1
L003__-1,0.000114,L013__-1
L003__-1,0.000119,L014__-1
L003__-1,5.7e-05,L015__-1
L003__-1,0.000101,L016__-1
L003__-1,0.000162,L017.1__-1
L003__-1,0.000196,L018__-1
L004.1__-1,9.1e-05,L004__-1
L004__-1,0.000219,L003__-1
L004__-1,9.1e-05,L004.1__-1
L005__-1,6.4e-05,L003__-1
L006__-1,8.4e-05,L003__-1
L007__-1,0.000141,L003__-1
L008__-1,0.000194,L003__-1
L009__-1,3.8e-05,L010__-1
L010__-1,0.000273,L003__-1
L010__-1,3.8e-05,L009__-1
L010__-1,5.4e-05,L106__+1
L011__-1,0.000264,L003__-1
L012__-1,0.000177,L003__-1
L013__-1,0.000114,L003__-1
L014__-1,0.000148,A001__-1
L014__-1,0.000119,L003__-1
L015__-1,5.7e-05,L003__-1
L016__-1,0.000101,L003__-1
L017.1__-1,0.000162,L003__-1
L017.1__-1,3.9e-05,L017.2__-1
L017.2__-1,3.9e-05,L017.1__-1
L018.1__-1,3.7e-05,L018__-1
L018.2__-1,2.3e-05,L018__-1
L018__-1,0.000196,L003__-1
L018__-1,3.7e-05,L018.1__-1
L018__-1,2.3e-05,L018.2__-1
L019__-1,3.9e-05,L002__-1
L019__-1,5.4e-05,L111__+1
L020__-1,4.3e-05,L002__-1
L021__-1,0.000303,L002__-1
L021__-1,0.000174,L022__-1
L021__-1,5.7e-05,L023__-1
L021__-1,0.000127,L024__-1
L021__-1,0.000229,L025__-1
L021__-1,0.00029,L026__-1
L021__-1,0.000141,L027__-1
L022__-1,0.000174,L021__-1
L023__-1,5.7e-05,L021__-1
L024__-1,0.000127,L021__-1
L025__-1,0.000229,L021__-1
L026__-1,0.00029,L021__-1
L026__-1,5.4e-05,L121__+1
L027__-1,0.000141,L021__-1
L027__-1,0.000168,L034__-1
L028.1__-1,2.5e-05,L028.2__-1
L028.1__-1,3.9e-05,L028__-1
L028.2__-1,2.5e-05,L028.1__-1
L028__-1,5.9e-05,L002__-1
L028__-1,3.9e-05,L028.1__-1
L029__-1,4.2e-05,L002__-1
L030.1__-1,3.9e-05,L030__-1
L030__-1,3.6e-05,L002__-1
L030__-1,3.9e-05,L030.1__-1
L031__-1,6e-05,L002__-1
L031__-1,0.000387,L034__-1
L033__-1,0.000182,L034__-1
L034__-1,0.000168,L027__-1
L034__-1,0.000387,L031__-1
L034__-1,0.000182,L033__-1
L034__-1,0.000442,L035__-1
L034__-1,0.000264,L036__-1
L034__-1,0.000457,L037__-1
L034__-1,0.000522,P001__-1
L035__+1,5.4e-05,L035__-1
L035__-1,0.000442,L034__-1
L035__-1,5.4e-05,L035__+1
L036__-1,0.000264,L034__-1
L037__-1,0.000457,L034__-1
L102__+1,0.00013,L103__+1
L103.1__+1,5.4e-05,L103.1__+2
L103.1__+1,6.5e-05,L103__+1
L103.1__+2,5.4e-05,L103.1__+1
L103.1__+2,6.5e-05,L201__+2
L103__+1,0.00013,L102__+1
L103__+1,6.5e-05,L103.1__+1
L103__+1,0.000172,L104__+1
L103__+1,4.6e-05,L108__+1
L103__+1,0.000128,L109__+1
L104__+1,0.000172,L103__+1
L104__+1,0.000202,L105__+1
L104__+1,6.7e-05,L107__+1
L105__+1,0.000202,L104__+1
L105__+1,7.8e-05,L106__+1
L106__+1,5.4e-05,L010__-1
L106__+1,7.8e-05,L105__+1
L106__+1,5.4e-05,L208__+2
L107.1__+1,2.9e-05,L107__+1
L107.2__+1,3.1e-05,L107__+1
L107.3__+1,2.6e-05,L107__+1
L107__+1,6.7e-05,L104__+1
L107__+1,2.9e-05,L107.1__+1
L107__+1,3.1e-05,L107.2__+1
L107__+1,2.6e-05,L107.3__+1
L108.1__+1,3.9e-05,L108__+1
L108.2__+1,3.9e-05,L108.3__+1
L108.3__+1,3.9e-05,L108.2__+1
L108.3__+1,4.8e-05,L108__+1
L108__+1,4.6e-05,L103__+1
L108__+1,3.9e-05,L108.1__+1
L108__+1,4.8e-05,L108.3__+1
L109__+1,0.000128,L103__+1
L109__+1,6.2e-05,L110__+1
L109__+1,3.9e-05,L111__+1
L109__+1,4.3e-05,L112__+1
L109__+1,0.000303,L113__+1
L109__+1,6e-05,L133__+1
L109__+1,4.3e-05,L134__+1
L110__+1,5.4e-05,L001__-1
L110__+1,6.2e-05,L109__+1
L110__+1,5.4e-05,L214__+2
L111__+1,5.4e-05,L019__-1
L111__+1,3.9e-05,L109__+1
L111__+1,5.4e-05,L215__+2
L112__+1,4.3e-05,L109__+1
L113__+1,0.000303,L109__+1
L113__+1,0.000257,L114__+1
L113__+1,0.000212,L115__+1
L113__+1,0.000147,L116__+1
L113__+1,7.2e-05,L117__+1
L113__+1,7.3e-05,L118__+1
L113__+1,0.000148,L119__+1
L113__+1,0.000236,L120__+1
L113__+1,0.000275,L122__+1
L113__+1,0.000254,L123__+1
L113__+1,0.000206,L124__+1
L113__+1,0.000162,L125__+1
L113__+1,0.000121,L126__+1
L113__+1,8.3e-05,L127__+1
L113__+1,5.9e-05,L128__+1
L113__+1,7.7e-05,L129__+1
L113__+1,0.000134,L130__+1
L113__+1,0.000176,L131__+1
L113__+1,0.00022,L132__+1
L114__+1,0.000257,L113__+1
L114__+1,4.7e-05,L115__+1
L115__+1,0.000212,L113__+1
L115__+1,4.7e-05,L114__+1
L115__+1,6.8e-05,L116__+1
L116__+1,0.000147,L113__+1
L116__+1,6.8e-05,L115__+1
L117__+1,7.2e-05,L113__+1
L118__+1,7.3e-05,L113__+1
L119__+1,0.000148,L113__+1
L120__+1,0.000236,L113__+1
L121__+1,5.4e-05,L026__-1
L121__+1,7e-05,L122__+1
L121__+1,5.4e-05,L227__+2
L122__+1,0.000275,L113__+1
L122__+1,7e-05,L121__+1
L123__+1,0.000254,L113__+1
L124__+1,0.000206,L113__+1
L125__+1,0.000162,L113__+1
L126__+1,0.000121,L113__+1
L127__+1,8.3e-05,L113__+1
L128__+1,5.9e-05,L113__+1
L129__+1,7.7e-05,L113__+1
L130__+1,0.000134,L113__+1
L131__+1,0.000176,L113__+1
L132__+1,0.00022,L113__+1
L133.1__+1,3.7e-05,L133__+1
L133.2__+1,2.4e-05,L133__+1
L133__+1,6e-05,L109__+1
L133__+1,3.7e-05,L133.1__+1
L133__+1,2.4e-05,L133.2__+1
L134.1__+1,4.4e-05,L134__+1
L134.2__+1,2.4e-05,L134__+1
L134__+1,4.3e-05,L109__+1
L134__+1,4.4e-05,L134.1__+1
L134__+1,2.4e-05,L134.2__+1
L201__+2,6.5e-05,L103.1__+2
L201__+2,0.000249,L202__+2
L201__+2,7.8e-05,L203__+2
L201__+2,0.000162,L212__+2
L201__+2,0.000152,L213__+2
L201__+2,0.000205,M201__+2
L202__+2,0.000249,L201__+2
L202__+2,0.000157,L204__+2
L202__+2,8.7e-05,L205__+2
L202__+2,8.5e-05,L206__+2
L202__+2,0.00015,L207__+2
L202__+2,0.000188,L208__+2
L202__+2,0.000185,L209__+2
L202__+2,0.000103,L210__+2
L202__+2,5.7e-05,L211__+2
L203__+2,7.8e-05,L201__+2
L204__+2,0.000157,L202__+2
L205__+2,8.7e-05,L202__+2
L206__+2,8.5e-05,L202__+2
L207__+2,0.00015,L202__+2
L208__+2,5.4e-05,L106__+1
L208__+2,0.000188,L202__+2
L208__+2,5.4e-05,L309__+3
L209__+2,0.000185,L202__+2
L210__+2,0.000103,L202__+2
L211__+2,5.7e-05,L202__+2
L212__+2,0.000162,L201__+2
L213__+2,0.000152,L201__+2
L213__+2,7.5e-05,L214__+2
L213__+2,5.2e-05,L215__+2
L213__+2,0.000323,L217__+2
L213__+2,6.4e-05,L218__+2
L213__+2,8.7e-05,L234__+2
L213__+2,4.3e-05,L235__+2
L213__+2,6e-05,L236__+2
L214__+2,5.4e-05,L110__+1
L214__+2,7.5e-05,L213__+2
L214__+2,5.4e-05,L301__+3
L215__+2,5.4e-05,L111__+1
L215__+2,5.2e-05,L213__+2
L215__+2,5.4e-05,L316__+3
L216__+2,3.7e-05,L218__+2
L217__+2,0.000323,L213__+2
L217__+2,0.000254,L219__+2
L217__+2,0.000188,L220__+2
L217__+2,0.000125,L221.1__+2
L217__+2,8.7e-05,L221.2__+2
L217__+2,6e-05,L222__+2
L217__+2,6.2e-05,L223__+2
L217__+2,9.1e-05,L224__+2
L217__+2,0.00013,L225__+2
L217__+2,0.000194,L226__+2
L217__+2,0.000262,L227__+2
L217__+2,0.00023,L228__+2
L217__+2,0.000203,L229__+2
L217__+2,7.6e-05,L230.1__+2
L217__+2,7e-05,L230.2__+2
L217__+2,0.000143,L230.3__+2
L217__+2,0.000132,L231__+2
L217__+2,0.000174,L232__+2
L217__+2,0.000217,L233__+2
L218.1__+2,0.000182,L218__+2
L218.1__+3,0.000197,A209__+3
L218__+2,6.4e-05,L213__+2
L218__+2,3.7e-05,L216__+2
L218__+2,0.000182,L218.1__+2
L219__+2,0.000254,L217__+2
L220__+2,0.000188,L217__+2
L221.1__+2,0.000125,L217__+2
L221.2__+2,8.7e-05,L217__+2
L222__+2,6e-05,L217__+2
L223__+2,6.2e-05,L217__+2
L224__+2,9.1e-05,L217__+2
L225__+2,0.00013,L217__+2
L226__+2,0.000194,L217__+2
L227__+2,5.4e-05,L121__+1
L227__+2,0.000262,L217__+2
L227__+2,5.4e-05,L328__+3
L228__+2,0.00023,L217__+2
L229__+2,0.000203,L217__+2
L230.1__+2,7.6e-05,L217__+2
L230.2__+2,7e-05,L217__+2
L230.3__+2,0.000143,L217__+2
L231__+2,0.000132,L217__+2
L232__+2,0.000174,L217__+2
L233__+2,0.000217,L217__+2
L234__+2,8.7e-05,L213__+2
L235.1__+2,3.7e-05,L235__+2
L235.2__+2,2.4e-05,L235__+2
L235__+2,4.3e-05,L213__+2
L235__+2,3.7e-05,L235.1__+2
L235__+2,2.4e-05,L235.2__+2
L236.1__+2,4.4e-05,L236__+2
L236.2__+2,2.4e-05,L236__+2
L236__+2,6e-05,L213__+2
L236__+2,4.4e-05,L236.1__+2
L236__+2,2.4e-05,L236.2__+2
L301__+3,5.4e-05,L214__+2
L301__+3,6.2e-05,L302__+3
L302__+3,6.2e-05,L301__+3
L302__+3,0.000292,L303__+3
L302__+3,3.9e-05,L316__+3
L302__+3,4.3e-05,L317__+3
L302__+3,0.000323,L318__+3
L302__+3,6e-05,L341__+3
L302__+3,4.3e-05,L342__+3
L303__+3,0.000292,L302__+3
L303__+3,0.000232,L304__+3
L303__+3,0.000163,L305__+3
L303__+3,9.1e-05,L306.1__+3
L303__+3,8.1e-05,L306.2__+3
L303__+3,0.000147,L307__+3
L303__+3,0.00023,L308__+3
L303__+3,0.000273,L309__+3
L303__+3,0.000266,L310__+3
L303__+3,0.000158,L311__+3
L303__+3,6.6e-05,L312__+3
L303__+3,9.8e-05,L314__+3
L303__+3,0.000195,L315__+3
L304__+3,0.000232,L303__+3
L305__+3,0.000163,L303__+3
L306.1__+3,9.1e-05,L303__+3
L306.1__+3,9.1e-05,L306.2__+3
L306.2__+3,8.1e-05,L303__+3
L306.2__+3,9.1e-05,L306.1__+3
L307__+3,0.000147,L303__+3
L308__+3,0.00023,L303__+3
L309__+3,5.4e-05,L208__+2
L309__+3,0.000273,L303__+3
L310__+3,0.000266,L303__+3
L311__+3,0.000158,L303__+3
L312__+3,6.6e-05,L303__+3
L314__+3,9.8e-05,L303__+3
L315__+3,0.000195,L303__+3
L316__+3,5.4e-05,L215__+2
L316__+3,3.9e-05,L302__+3
L317__+3,4.3e-05,L302__+3
L318__+3,0.000323,L302__+3
L318__+3,0.000276,L319__+3
L318__+3,0.000231,L320__+3
L318__+3,0.000165,L321__+3
L318__+3,8.6e-05,L322__+3
L318__+3,6.3e-05,L323__+3
L318__+3,0.000131,L325__+3
L318__+3,0.000217,L327__+3
L318__+3,0.000285,L328__+3
L318__+3,0.000253,L329__+3
L318__+3,0.000226,L330__+3
L318__+3,0.000187,L331__+3
L318__+3,0.000144,L332__+3
L318__+3,0.000104,L333__+3
L318__+3,7e-05,L334__+3
L318__+3,5.7e-05,L335__+3
L318__+3,7.5e-05,L336__+3
L318__+3,0.000111,L337__+3
L318__+3,0.000151,L338__+3
L318__+3,0.000194,L339__+3
L318__+3,0.000239,L340__+3
L319__+3,0.000276,L318__+3
L320__+3,0.000231,L318__+3
L321__+3,0.000165,L318__+3
L322__+3,8.6e-05,L318__+3
L323__+3,6.3e-05,L318__+3
L325__+3,0.000131,L318__+3
L327__+3,0.000217,L318__+3
L328__+3,5.4e-05,L227__+2
L328__+3,0.000285,L318__+3
L329__+3,0.000253,L318__+3
L330__+3,0.000226,L318__+3
L331__+3,0.000187,L318__+3
L332__+3,0.000144,L318__+3
L333__+3,0.000104,L318__+3
L334__+3,7e-05,L318__+3
L335__+3,5.7e-05,L318__+3
L336__+3,7.5e-05,L318__+3
L337__+3,0.000111,L318__+3
L338__+3,0.000151,L318__+3
L339__+3,0.000194,L318__+3
L340__+3,0.000239,L318__+3
L341.1__+3,3.7e-05,L341__+3
L341.2__+3,2.4e-05,L341__+3
L341__+3,6e-05,L302__+3
L341__+3,3.7e-05,L341.1__+3
L341__+3,2.4e-05,L341.2__+3
L342.1__+3,4.4e-05,L342__+3
L342.2__+3,2.4e-05,L342__+3
L342__+3,4.3e-05,L302__+3
L342__+3,4.4e-05,L342.1__+3
L342__+3,2.4e-05,L342.2__+3
M101__+1,0.000227,M102__+1
M101__+1,0.000227,M103__+1
M101__+1,0.000112,M104__+1
M101__+1,2.8e-05,M105__+1
M101__+1,0.000134,M107__+1
M102__+1,0.000227,M101__+1
M103__+1,0.000227,M101__+1
M103__+1,0.000117,M104__+1
M104__+1,0.000112,M101__+1
M104__+1,0.000117,M103__+1
M104__+1,0.000117,M105__+1
M105__+1,2.8e-05,M101__+1
M105__+1,0.000117,M104__+1
M107__+1,0.000134,M101__+1
M107__+1,5.4e-05,M107__+2
M107__+2,5.4e-05,M107__+1
M107__+2,9e-05,M204__+2
M201__+2,0.000205,L201__+2
M201__+2,0.000426,M202__+2
M202__+2,0.000426,M201__+2
M202__+2,0.000255,M204__+2
M202__+2,0.000321,P201__+2
M202__+2,0.000246,Q231__+2
M203__+2,0.000208,M204__+2
M204__+2,9e-05,M107__+2
M204__+2,0.000255,M202__+2
M204__+2,0.000208,M203__+2
M204__+2,7.3e-05,M205__+2
M204__+2,4.6e-05,M206__+2
M204__+2,2.3e-05,M207__+2
M204__+2,7e-06,M208__+2
M204__+2,0.000106,N201__+2
M205.1__+2,3.4e-05,M205__+2
M205__+2,7.3e-05,M204__+2
M205__+2,3.4e-05,M205.1__+2
M206__+2,4.6e-05,M204__+2
M207.1__+2,3.2e-05,M207__+2
M207__+2,2.3e-05,M204__+2
M207__+2,3.2e-05,M207.1__+2
M208__+2,7e-06,M204__+2
M208__+2,3.4e-05,M209__+2
M209__+2,3.4e-05,M208__+2
N101__+1,2.7e-05,N102__+1
N101__+1,0.000257,N103__+1
N101__+1,0.000143,N104__+1
N101__+1,4.9e-05,N105__+1
N101__+1,0.000111,N107__+1
N101__+1,9.2e-05,N108__+1
N101__+1,0.00012,N109__+1
N102__+1,2.7e-05,N101__+1
N102__+1,5.4e-05,N102__+2
N102__+2,5.4e-05,N102__+1
N102__+2,3e-05,N202__+2
N103__+1,0.000257,N101__+1
N103__+1,0.000117,N104__+1
N104__+1,0.000143,N101__+1
N104__+1,0.000117,N103__+1
N104__+1,0.000117,N105__+1
N105__+1,4.9e-05,N101__+1
N105__+1,0.000117,N104__+1
N107.1__+1,2.6e-05,N107__+1
N107__+1,0.000111,N101__+1
N107__+1,2.6e-05,N107.1__+1
N108__+1,9.2e-05,N101__+1
N109.1__+1,2.5e-05,N109__+1
N109__+1,0.00012,N101__+1
N109__+1,2.5e-05,N109.1__+1
N201__+2,0.000106,M204__+2
N201__+2,0.000161,N202__+2
N202__+2,3e-05,N102__+2
N202__+2,0.000161,N201__+2
N202__+2,0.000239,N203__+2
N202__+2,0.000126,N204__+2
N202__+2,4.5e-05,N205__+2
N202__+2,0.00013,N207.1__+2
N202__+2,0.000133,N207__+2
N202__+2,0.000134,N208__+2
N202__+2,0.000162,O201__+2
N203__+2,0.000239,N202__+2
N203__+2,0.000117,N204__+2
N204__+2,0.000126,N202__+2
N204__+2,0.000117,N203__+2
N204__+2,0.000117,N205__+2
N205__+2,4.5e-05,N202__+2
N205__+2,0.000117,N204__+2
N207.1__+2,0.00013,N202__+2
N207__+2,0.000133,N202__+2
N208__+2,0.000134,N202__+2
O101__+1,2.8e-05,O102__+1
O101__+1,0.000257,O103__+1
O101__+1,0.000144,O104__+1
O101__+1,5.1e-05,O105__+1
O101__+1,0.000111,O107__+1
O101__+1,0.00012,O108__+1
O101__+1,9.2e-05,O109__+1
O102__+1,2.8e-05,O101__+1
O102__+1,5.4e-05,O102__+2
O102__+2,5.4e-05,O102__+1
O102__+2,3.2e-05,O202__+2
O103__+1,0.000257,O101__+1
O103__+1,0.000117,O104__+1
O104__+1,0.000144,O101__+1
O104__+1,0.000117,O103__+1
O104__+1,0.000117,O105__+1
O105__+1,5.1e-05,O101__+1
O105__+1,0.000117,O104__+1
O107.1__+1,2.5e-05,O107__+1
O107__+1,0.000111,O101__+1
O107__+1,2.5e-05,O107.1__+1
O108.1__+1,2.5e-05,O108__+1
O108__+1,0.00012,O101__+1
O108__+1,2.5e-05,O108.1__+1
O109__+1,9.2e-05,O101__+1
O201__+2,0.000162,N202__+2
O201__+2,0.000161,O202__+2
O202__+2,3.2e-05,O102__+2
O202__+2,0.000161,O201__+2
O202__+2,0.00024,O203__+2
O202__+2,0.000127,O204__+2
O202__+2,4.7e-05,O205__+2
O202__+2,0.000132,O207__+2
O202__+2,0.000134,O208__+2
O203__+2,0.00024,O202__+2
O203__+2,0.000117,O204__+2
O204__+2,0.000127,O202__+2
O204__+2,0.000117,O203__+2
O204__+2,0.000117,O205__+2
O205__+2,4.7e-05,O202__+2
O205__+2,0.000117,O204__+2
O207__+2,0.000132,O202__+2
O208__+2,0.000134,O202__+2
P001__-1,0.000522,L034__-1
P001__-1,0.000157,P002__-1
P002__-1,0.000157,P001__-1
P002__-1,0.000125,P003__-1
P003__-1,0.000125,P002__-1
P101__+1,8e-05,P103__+1
P101__+1,6.1e-05,P104__+1
P101__+1,6.9e-05,P105__+1
P101__+1,8e-05,P106__+1
P101__+1,7.2e-05,P107__+1
P101__+1,0.000195,P108__+1
P102__+1,3.2e-05,P103__+1
P103__+1,8e-05,P101__+1
P103__+1,3.2e-05,P102__+1
P103__+1,0.000103,R109__+1
P104__+1,6.1e-05,P101__+1
P104__+1,5.4e-05,P204__+2
P104__+1,0.000119,R109__+1
P105__+1,6.9e-05,P101__+1
P105__+1,5.4e-05,P205__+2
P106.1__+1,2.8e-05,P106__+1
P106.2__+1,2.3e-05,P106__+1
P106__+1,8e-05,P101__+1
P106__+1,2.8e-05,P106.1__+1
P106__+1,2.3e-05,P106.2__+1
P107.1__+1,2.8e-05,P107__+1
P107.3__+1,4.5e-05,P107__+1
P107__+1,7.2e-05,P101__+1
P107__+1,2.8e-05,P107.1__+1
P107__+1,4.5e-05,P107.3__+1
P108__+1,0.000195,P101__+1
P108__+1,0.000105,P109__+1
P108__+1,0.000219,P111__+1
P109__+1,0.000105,P108__+1
P111__+1,0.000219,P108__+1
P111__+1,7.5e-05,P112__+1
P111__+1,0.000111,P113__+1
P111__+1,6.7e-05,P114__+1
P111__+1,7.1e-05,P115__+1
P111__+1,9.1e-05,P116__+1
P111__+1,9.6e-05,P117__+1
P111__+1,8.1e-05,P118__+1
P111__+1,7e-05,P119__+1
P111__+1,8.2e-05,P120__+1
P111__+1,7.8e-05,P121__+1
P111__+1,0.00011,P123__+1
P111__+1,8e-05,P124__+1
P111__+1,5.2e-05,P125__+1
P111__+1,1e-06,P126__+1
P111__+1,3.5e-05,P127__+1
P112__+1,7.5e-05,P111__+1
P113.1__+1,3e-05,P113__+1
P113__+1,0.000111,P111__+1
P113__+1,3e-05,P113.1__+1
P114.1__+1,1.7e-05,P114__+1
P114__+1,6.7e-05,P111__+1
P114__+1,1.7e-05,P114.1__+1
P115__+1,7.1e-05,P111__+1
P116__+1,9.1e-05,P111__+1
P116__+1,5.4e-05,P211.1__+2
P117__+1,9.6e-05,P111__+1
P118__+1,8.1e-05,P111__+1
P118__+1,5.4e-05,P213__+2
P119__+1,7e-05,P111__+1
P120__+1,8.2e-05,P111__+1
P120__+1,5.4e-05,P215__+2
P121__+1,7.8e-05,P111__+1
P123.1__+1,2.4e-05,P123__+1
P123.1__+1,5.4e-05,P210.1__+2
P123__+1,0.00011,P111__+1
P123__+1,2.4e-05,P123.1__+1
P124__+1,8e-05,P111__+1
P125__+1,5.2e-05,P111__+1
P126__+1,1e-06,P111__+1
P127__+1,3.5e-05,P111__+1
P201__+2,0.000321,M202__+2
P201__+2,8.9e-05,P202__+2
P201__+2,7.1e-05,P203__+2
P201__+2,6.5e-05,P204__+2
P201__+2,9e-05,P205__+2
P201__+2,8.3e-05,P206__+2
P201__+2,8.5e-05,P207.1__+2
P201__+2,1.9e-05,P208.1__+2
P201__+2,0.000197,P209__+2
P202__+2,8.9e-05,P201__+2
P203__+2,7.1e-05,P201__+2
P204__+2,5.4e-05,P104__+1
P204__+2,6.5e-05,P201__+2
P204__+2,5.4e-05,P303__+3
P204__+2,7.8e-05,R212__+2
P205__+2,5.4e-05,P105__+1
P205__+2,9e-05,P201__+2
P205__+2,5.4e-05,P205__+3
P205__+2,5.4e-05,P304__+3
P205__+2,9.5e-05,R212__+2
P205__+3,5.4e-05,P205__+2
P205__+3,7e-05,P301__+3
P206.1__+2,5.6e-05,P206__+2
P206__+2,8.3e-05,P201__+2
P206__+2,5.6e-05,P206.1__+2
P207.1__+2,8.5e-05,P201__+2
P207.1__+2,2.2e-05,P207.2__+2
P207.1__+2,5.4e-05,P207.3__+2
P207.2__+2,2.2e-05,P207.1__+2
P207.3__+2,5.4e-05,P207.1__+2
P208.1__+2,1.9e-05,P201__+2
P208.1__+2,2.2e-05,P208.2__+2
P208.1__+2,2.9e-05,P208.3__+2
P208.2__+2,2.2e-05,P208.1__+2
P208.3__+2,2.9e-05,P208.1__+2
P209__+2,0.000197,P201__+2
P209__+2,0.000235,P211__+2
P210.1__+2,5.4e-05,P123.1__+1
P210.1__+2,4.6e-05,P210__+2
P210__+2,4.6e-05,P210.1__+2
P210__+2,0.000114,P216__+2
P210__+2,7e-05,P220__+2
P211.1__+2,5.4e-05,P116__+1
P211.1__+2,4.4e-05,P211__+2
P211__+2,0.000235,P209__+2
P211__+2,4.4e-05,P211.1__+2
P211__+2,6.8e-05,P216__+2
P212__+2,8.5e-05,P216__+2
P213__+2,5.4e-05,P118__+1
P213__+2,6.5e-05,P216__+2
P214__+2,4.7e-05,P216__+2
P215.1__+2,6.5e-05,P215__+2
P215__+2,5.4e-05,P120__+1
P215__+2,6.5e-05,P215.1__+2
P215__+2,7.2e-05,P216__+2
P215__+2,5.4e-05,P313__+3
P216__+2,0.000114,P210__+2
P216__+2,6.8e-05,P211__+2
P216__+2,8.5e-05,P212__+2
P216__+2,6.5e-05,P213__+2
P216__+2,4.7e-05,P214__+2
P216__+2,7.2e-05,P215__+2
P216__+2,2.4e-05,P217__+2
P216__+2,4.5e-05,P219__+2
P216__+2,8.3e-05,P220__+2
P217__+2,2.4e-05,P216__+2
P219.1__+2,2.8e-05,P219__+2
P219__+2,4.5e-05,P216__+2
P219__+2,2.8e-05,P219.1__+2
P220__+2,7e-05,P210__+2
P220__+2,8.3e-05,P216__+2
P301__+3,7e-05,P205__+3
P301__+3,6.7e-05,P302__+3
P301__+3,2.8e-05,P303__+3
P301__+3,2.6e-05,P304__+3
P301__+3,0.000255,P305__+3
P302__+3,6.7e-05,P301__+3
P303__+3,5.4e-05,P204__+2
P303__+3,2.8e-05,P301__+3
P304__+3,5.4e-05,P205__+2
P304__+3,2.6e-05,P301__+3
P304__+3,4.9e-05,R305__+3
P304__+3,2.7e-05,R312__+3
P305__+3,0.000255,P301__+3
P305__+3,0.000206,P306__+3
P305__+3,0.00015,P307__+3
P305__+3,7.5e-05,P308__+3
P305__+3,2e-05,P309__+3
P305__+3,8.2e-05,P310__+3
P305__+3,0.000156,P311__+3
P305__+3,0.000236,P312__+3
P305__+3,0.000245,P313__+3
P305__+3,4.7e-05,P315__+3
P305__+3,2.9e-05,P316__+3
P305__+3,0.000116,P317__+3
P305__+3,0.000142,P318__+3
P305__+3,0.000241,P319__+3
P306__+3,0.000206,P305__+3
P307.1__+3,3.4e-05,P307__+3
P307.2__+3,4.3e-05,P307__+3
P307.3__+3,2.1e-05,P307__+3
P307__+3,0.00015,P305__+3
P307__+3,3.4e-05,P307.1__+3
P307__+3,4.3e-05,P307.2__+3
P307__+3,2.1e-05,P307.3__+3
P308.1__+3,3.4e-05,P308__+3
P308.2__+3,4.3e-05,P308__+3
P308.3__+3,2.1e-05,P308__+3
P308__+3,7.5e-05,P305__+3
P308__+3,3.4e-05,P308.1__+3
P308__+3,4.3e-05,P308.2__+3
P308__+3,2.1e-05,P308.3__+3
P309.1__+3,3.4e-05,P309__+3
P309.2__+3,4.3e-05,P309__+3
P309.3__+3,2.1e-05,P309__+3
P309__+3,2e-05,P305__+3
P309__+3,3.4e-05,P309.1__+3
P309__+3,4.3e-05,P309.2__+3
P309__+3,2.1e-05,P309.3__+3
P310.1__+3,3.4e-05,P310__+3
P310.2__+3,4.3e-05,P310__+3
P310.3__+3,2.1e-05,P310__+3
P310__+3,8.2e-05,P305__+3
P310__+3,3.4e-05,P310.1__+3
P310__+3,4.3e-05,P310.2__+3
P310__+3,2.1e-05,P310.3__+3
P311.1__+3,3.4e-05,P311__+3
P311.2__+3,4.3e-05,P311__+3
P311.3__+3,2.1e-05,P311__+3
P311__+3,0.000156,P305__+3
P311__+3,3.4e-05,P311.1__+3
P311__+3,4.3e-05,P311.2__+3
P311__+3,2.1e-05,P311.3__+3
P312.1__+3,3.4e-05,P312__+3
P312.2__+3,4.4e-05,P312__+3
P312.3__+3,2.1e-05,P312__+3
P312__+3,0.000236,P305__+3
P312__+3,3.4e-05,P312.1__+3
P312__+3,4.4e-05,P312.2__+3
P312__+3,2.1e-05,P312.3__+3
P313__+3,5.4e-05,P215__+2
P313__+3,0.000245,P305__+3
P315.1__+3,3.8e-05,P315.2__+3
P315.1__+3,5.8e-05,P315.4__+3
P315.2__+3,3.8e-05,P315.1__+3
P315.2__+3,4.6e-05,P315.4__+3
P315.3__+3,2.4e-05,P315.4__+3
P315.4__+3,5.8e-05,P315.1__+3
P315.4__+3,4.6e-05,P315.2__+3
P315.4__+3,2.4e-05,P315.3__+3
P315.4__+3,2.5e-05,P315__+3
P315__+3,4.7e-05,P305__+3
P315__+3,2.5e-05,P315.4__+3
P316.1__+3,3.8e-05,P316.2__+3
P316.1__+3,5.8e-05,P316.4__+3
P316.2__+3,3.8e-05,P316.1__+3
P316.2__+3,4.6e-05,P316.4__+3
P316.3__+3,2.5e-05,P316.4__+3
P316.4__+3,5.8e-05,P316.1__+3
P316.4__+3,4.6e-05,P316.2__+3
P316.4__+3,2.5e-05,P316.3__+3
P316.4__+3,2.4e-05,P316__+3
P316__+3,2.9e-05,P305__+3
P316__+3,2.4e-05,P316.4__+3
P317.1__+3,3.8e-05,P317.2__+3
P317.1__+3,5.8e-05,P317.4__+3
P317.2__+3,3.8e-05,P317.1__+3
P317.2__+3,4.6e-05,P317.4__+3
P317.3__+3,2.4e-05,P317.4__+3
P317.4__+3,5.8e-05,P317.1__+3
P317.4__+3,4.6e-05,P317.2__+3
P317.4__+3,2.4e-05,P317.3__+3
P317.4__+3,2.5e-05,P317__+3
P317__+3,0.000116,P305__+3
P317__+3,2.5e-05,P317.4__+3
P318.1__+3,3.8e-05,P318.2__+3
P318.1__+3,5.8e-05,P318.4__+3
P318.2__+3,3.8e-05,P318.1__+3
P318.2__+3,4.6e-05,P318.4__+3
P318.3__+3,2.5e-05,P318.4__+3
P318.4__+3,5.8e-05,P318.1__+3
P318.4__+3,4.6e-05,P318.2__+3
P318.4__+3,2.5e-05,P318.3__+3
P318.4__+3,2.4e-05,P318__+3
P318__+3,0.000142,P305__+3
P318__+3,2.4e-05,P318.4__+3
P319.1__+3,4.7e-05,P319__+3
P319.2__+3,2.3e-05,P319__+3
P319__+3,0.000241,P305__+3
P319__+3,4.7e-05,P319.1__+3
P319__+3,2.3e-05,P319.2__+3
Q0101__-1,7.3e-05,Q0102__-1
Q0101__-1,3.6e-05,Q0103__-1
Q0101__-1,5.1e-05,Q0104__-1
Q0101__-1,8.1e-05,Q0106__-1
Q0101__-1,7.4e-05,Q0107__-1
Q0101__-1,0.000107,Q0108__-1
Q0102__-1,7.3e-05,Q0101__-1
Q0102__-1,5.4e-05,Q118__+1
Q0103__-1,3.6e-05,Q0101__-1
Q0103__-1,5.4e-05,Q119__+1
Q0104__-1,5.1e-05,Q0101__-1
Q0104__-1,0.000117,Q0105__-1
Q0105__-1,0.000117,Q0104__-1
Q0106.1__-1,2.8e-05,Q0106__-1
Q0106__-1,8.1e-05,Q0101__-1
Q0106__-1,2.8e-05,Q0106.1__-1
Q0107.1__-1,2.8e-05,Q0107__-1
Q0107__-1,7.4e-05,Q0101__-1
Q0107__-1,2.8e-05,Q0107.1__-1
Q0108__-1,0.000107,Q0101__-1
Q0108__-1,0.000103,Q0109__-1
Q0109__-1,0.000103,Q0108__-1
Q0109__-1,0.000123,Q0110__-1
Q0109__-1,7.8e-05,Q0206__-1
Q0110__-1,0.000123,Q0109__-1
Q0110__-1,0.00014,Q0113__-1
Q0110__-1,9.6e-05,Q0201__-1
Q0113__-1,0.00014,Q0110__-1
Q0113__-1,5.8e-05,Q0114__-1
Q0113__-1,3.7e-05,Q0115__-1
Q0113__-1,5.3e-05,Q0116__-1
Q0113__-1,6.7e-05,Q0117__-1
Q0113__-1,6.3e-05,Q0119__-1
Q0113__-1,6.9e-05,Q0120__-1
Q0114.1__-1,3.4e-05,Q0114__-1
Q0114__-1,5.8e-05,Q0113__-1
Q0114__-1,3.4e-05,Q0114.1__-1
Q0115__-1,3.7e-05,Q0113__-1
Q0116__-1,5.3e-05,Q0113__-1
Q0117.1__-1,4.7e-05,Q0117__-1
Q0117__-1,6.7e-05,Q0113__-1
Q0117__-1,4.7e-05,Q0117.1__-1
Q0117__-1,4.3e-05,Q0118__-1
Q0118__-1,4.3e-05,Q0117__-1
Q0119__-1,6.3e-05,Q0113__-1
Q0119__-1,5.4e-05,Q122__+1
Q0120__+1,5.1e-05,Q121__+1
Q0120__-1,6.9e-05,Q0113__-1
Q0201__-1,9.6e-05,Q0110__-1
Q0201__-1,5.4e-05,Q0201__-2
Q0201__-2,5.4e-05,Q0201__-1
Q0201__-2,9.3e-05,Q0202__-2
Q0202__-2,9.3e-05,Q0201__-2
Q0202__-2,0.000206,Q0203__-2
Q0203__-2,0.000206,Q0202__-2
Q0203__-2,0.000159,Q0204__-2
Q0203__-2,0.000148,Q0205__-2
Q0204__-2,0.000159,Q0203__-2
Q0205__-2,0.000148,Q0203__-2
Q0205__-2,8.4e-05,Q0206__-2
Q0206__-1,7.8e-05,Q0109__-1
Q0206__-1,5.4e-05,Q0206__-2
Q0206__-2,8.4e-05,Q0205__-2
Q0206__-2,5.4e-05,Q0206__-1
Q101__+1,4.1e-05,Q102__+1
Q101__+1,0.000124,Q103__+1
Q101__+1,6e-05,Q113__+1
Q101__+1,7.5e-05,Q114__+1
Q101__+1,0.000114,Q115__+1
Q101__+1,8.4e-05,Q116__+1
Q101__+1,6.3e-05,Q117__+1
Q101__+1,5.3e-05,Q118__+1
Q101__+1,5.7e-05,Q119__+1
Q101__+1,7.7e-05,Q120__+1
Q102__+1,4.1e-05,Q101__+1
Q103__+1,0.000124,Q101__+1
Q103__+1,8.2e-05,Q104__+1
Q103__+1,6e-05,Q105__+1
Q103__+1,7.1e-05,Q106__+1
Q103__+1,0.000105,Q107__+1
Q103__+1,8.2e-05,Q108.1__+1
Q103__+1,7.6e-05,Q109__+1
Q103__+1,6e-05,Q110__+1
Q103__+1,7.6e-05,Q111__+1
Q103__+1,0.000112,Q112__+1
Q104__+1,8.2e-05,Q103__+1
Q105__+1,6e-05,Q103__+1
Q106__+1,7.1e-05,Q103__+1
Q107__+1,0.000105,Q103__+1
Q108.1__+1,8.2e-05,Q103__+1
Q108.1__+1,0.000123,Q108__+1
Q108__+1,0.000123,Q108.1__+1
Q109__+1,7.6e-05,Q103__+1
Q110__+1,6e-05,Q103__+1
Q111__+1,7.6e-05,Q103__+1
Q112__+1,0.000112,Q103__+1
Q113.1__+1,2.8e-05,Q113__+1
Q113__+1,6e-05,Q101__+1
Q113__+1,2.8e-05,Q113.1__+1
Q114__+1,7.5e-05,Q101__+1
Q115__+1,0.000114,Q101__+1
Q116.1__+1,2.2e-05,Q116__+1
Q116__+1,8.4e-05,Q101__+1
Q116__+1,2.2e-05,Q116.1__+1
Q117.1__+1,2.2e-05,Q117__+1
Q117__+1,6.3e-05,Q101__+1
Q117__+1,2.2e-05,Q117.1__+1
Q118__+1,5.4e-05,Q0102__-1
Q118__+1,5.3e-05,Q101__+1
Q118__+1,5.4e-05,Q220__+2
Q119__+1,5.4e-05,Q0103__-1
Q119__+1,5.7e-05,Q101__+1
Q119__+1,5.4e-05,Q229__+2
Q120__+1,7.7e-05,Q101__+1
Q121__+1,5.1e-05,Q0120__+1
Q121__+1,4.4e-05,Q122__+1
Q122__+1,5.4e-05,Q0119__-1
Q122__+1,4.4e-05,Q121__+1
Q123__+1,3.3e-05,Q124__+1
Q123__+1,0.000291,S101__+1
Q124__+1,3.3e-05,Q123__+1
Q124__+1,5.4e-05,Q234__+2
Q201__+2,0.000223,Q232__+2
Q202__+2,0.000143,Q232__+2
Q203__+2,9.1e-05,Q232__+2
Q204__+2,0.000111,Q232__+2
Q205__+2,0.000189,Q232__+2
Q220__+2,5.4e-05,Q118__+1
Q220__+2,5.2e-05,Q221__+2
Q220__+2,5.4e-05,Q320__+3
Q221__+2,5.2e-05,Q220__+2
Q221__+2,8.4e-05,Q222__+2
Q221__+2,5.9e-05,Q224__+2
Q221__+2,0.000241,Q225__+2
Q221__+2,0.000104,Q226__+2
Q221__+2,7.7e-05,Q227__+2
Q221__+2,5.5e-05,Q228__+2
Q221__+2,5.2e-05,Q229__+2
Q221__+2,8e-05,Q230__+2
Q221__+2,0.000152,Q231__+2
Q222__+2,8.4e-05,Q221__+2
Q222__+2,6.7e-05,Q223__+2
Q223__+2,6.7e-05,Q222__+2
Q224__+2,5.9e-05,Q221__+2
Q225__+2,0.000241,Q221__+2
Q226.1__+2,3.1e-05,Q226__+2
Q226__+2,0.000104,Q221__+2
Q226__+2,3.1e-05,Q226.1__+2
Q227.1__+2,2.8e-05,Q227.3__+2
Q227.1__+2,3e-05,Q227__+2
Q227.3__+2,2.8e-05,Q227.1__+2
Q227__+2,7.7e-05,Q221__+2
Q227__+2,3e-05,Q227.1__+2
Q228__+2,5.5e-05,Q221__+2
Q229__+2,5.4e-05,Q119__+1
Q229__+2,5.2e-05,Q221__+2
Q229__+2,5.4e-05,Q330__+3
Q230__+2,8e-05,Q221__+2
Q231__+2,0.000246,M202__+2
Q231__+2,0.000152,Q221__+2
Q231__+2,0.000359,Q232__+2
Q232__+2,0.000223,Q201__+2
Q232__+2,0.000143,Q202__+2
Q232__+2,9.1e-05,Q203__+2
Q232__+2,0.000111,Q204__+2
Q232__+2,0.000189,Q205__+2
Q232__+2,0.000359,Q231__+2
Q232__+2,0.000195,Q233__+2
Q233__+2,0.000195,Q232__+2
Q233__+2,5.6e-05,Q234__+2
Q233__+2,0.000333,S203__+2
Q234__+2,5.4e-05,Q124__+1
Q234__+2,5.6e-05,Q233__+2
Q301__+3,0.000129,Q325__+3
Q302__+3,0.0001,Q325__+3
Q303__+3,0.000143,Q325__+3
Q304__+3,0.000211,Q325__+3
Q305__+3,0.000299,Q325__+3
Q320__+3,5.4e-05,Q220__+2
Q320__+3,5.2e-05,Q321__+3
Q321__+3,5.2e-05,Q320__+3
Q321__+3,8.4e-05,Q322__+3
Q321__+3,4.5e-05,Q323__+3
Q321__+3,5.9e-05,Q324__+3
Q321__+3,0.000223,Q325__+3
Q321__+3,0.000104,Q327__+3
Q321__+3,7.7e-05,Q328__+3
Q321__+3,5.5e-05,Q329__+3
Q321__+3,5.2e-05,Q330__+3
Q321__+3,7.2e-05,Q331__+3
Q322__+3,8.4e-05,Q321__+3
Q323__+3,4.5e-05,Q321__+3
Q324__+3,5.9e-05,Q321__+3
Q325__+3,0.000129,Q301__+3
Q325__+3,0.0001,Q302__+3
Q325__+3,0.000143,Q303__+3
Q325__+3,0.000211,Q304__+3
Q325__+3,0.000299,Q305__+3
Q325__+3,0.000223,Q321__+3
Q325__+3,0.000155,Q326__+3
Q326__+3,0.000155,Q325__+3
Q327.1__+3,3.1e-05,Q327__+3
Q327__+3,0.000104,Q321__+3
Q327__+3,3.1e-05,Q327.1__+3
Q328.1__+3,2.8e-05,Q328.2__+3
Q328.1__+3,3e-05,Q328__+3
Q328.2__+3,2.8e-05,Q328.1__+3
Q328__+3,7.7e-05,Q321__+3
Q328__+3,3e-05,Q328.1__+3
Q329__+3,5.5e-05,Q321__+3
Q330__+3,5.4e-05,Q229__+2
Q330__+3,5.2e-05,Q321__+3
Q331__+3,7.2e-05,Q321__+3
R101__+1,0.000105,R102__+1
R102__+1,0.000105,R101__+1
R102__+1,4.4e-05,R103__+1
R102__+1,5.4e-05,R202__+2
R103.1__+1,3.6e-05,R103__+1
R103.2__+1,2.7e-05,R103__+1
R103__+1,4.4e-05,R102__+1
R103__+1,3.6e-05,R103.1__+1
R103__+1,2.7e-05,R103.2__+1
R104__+1,3.8e-05,R105__+1
R105__+1,3.8e-05,R104__+1
R105__+1,8.8e-05,R110__+1
R107__+1,6.9e-05,R109__+1
R107__+1,5.4e-05,R210__+2
R108__+1,6e-05,R109__+1
R109__+1,0.000103,P103__+1
R109__+1,0.000119,P104__+1
R109__+1,6.9e-05,R107__+1
R109__+1,6e-05,R108__+1
R109__+1,0.000117,R110__+1
R110__+1,8.8e-05,R105__+1
R110__+1,0.000117,R109__+1
R201__+2,6.3e-05,R202__+2
R201__+2,7e-05,R208__+2
R201__+2,8.4e-05,R211__+2
R202__+2,5.4e-05,R102__+1
R202__+2,6.3e-05,R201__+2
R202__+2,3.8e-05,R203__+2
R202__+2,5.4e-05,R301__+3
R203__+2,3.8e-05,R202__+2
R203__+2,3.6e-05,R204__+2
R203__+2,2.7e-05,R205__+2
R204__+2,3.6e-05,R203__+2
R205__+2,2.7e-05,R203__+2
R206__+2,9.3e-05,R213__+2
R207__+2,6.8e-05,R213__+2
R208__+2,7e-05,R201__+2
R209__+2,5.4e-05,R209__+3
R209__+2,6e-05,R211__+2
R209__+3,5.4e-05,R209__+2
R209__+3,7.3e-05,R301__+3
R209__+3,6.1e-05,R303__+3
R210__+2,5.4e-05,R107__+1
R210__+2,5.4e-05,R210__+3
R210__+2,6e-05,R211__+2
R210__+3,5.4e-05,R210__+2
R210__+3,5.8e-05,R303__+3
R211__+2,8.4e-05,R201__+2
R211__+2,6e-05,R209__+2
R211__+2,6e-05,R210__+2
R211__+2,0.000175,R212__+2
R212__+2,7.8e-05,P204__+2
R212__+2,9.5e-05,P205__+2
R212__+2,0.000175,R211__+2
R213__+2,9.3e-05,R206__+2
R213__+2,6.8e-05,R207__+2
R301__+3,5.4e-05,R202__+2
R301__+3,7.3e-05,R209__+3
R301__+3,0.000105,R304__+3
R303__+3,6.1e-05,R209__+3
R303__+3,5.8e-05,R210__+3
R304__+3,0.000105,R301__+3
R305__+3,4.9e-05,P304__+3
R305__+3,2.8e-05,R306__+3
R305__+3,5.3e-05,R307__+3
R305__+3,5.1e-05,R308__+3
R305__+3,3.4e-05,R310__+3
R305__+3,2.7e-05,R311__+3
R306.1__+3,4.9e-05,R306__+3
R306.2__+3,2.2e-05,R306__+3
R306__+3,2.8e-05,R305__+3
R306__+3,4.9e-05,R306.1__+3
R306__+3,2.2e-05,R306.2__+3
R307__+3,5.3e-05,R305__+3
R308.1__+3,5.6e-05,R308__+3
R308.2__+3,5.1e-05,R308__+3
R308.3__+3,4.4e-05,R308__+3
R308__+3,5.1e-05,R305__+3
R308__+3,5.6e-05,R308.1__+3
R308__+3,5.1e-05,R308.2__+3
R308__+3,4.4e-05,R308.3__+3
R308__+3,4e-05,R309__+3
R309.1__+3,4.7e-05,R309.3__+3
R309.2__+3,4.6e-05,R309__+3
R309.3__+3,4.7e-05,R309.1__+3
R309.3__+3,4.3e-05,R309__+3
R309__+3,4e-05,R308__+3
R309__+3,4.6e-05,R309.2__+3
R309__+3,4.3e-05,R309.3__+3
R310__+3,3.4e-05,R305__+3
R311.1__+3,4.6e-05,R311__+3
R311.2__+3,2.4e-05,R311__+3
R311__+3,2.7e-05,R305__+3
R311__+3,4.6e-05,R311.1__+3
R311__+3,2.4e-05,R311.2__+3
R312__+3,2.7e-05,P304__+3
S001__-1,7.4e-05,S002__-1
S002__-1,7.4e-05,S001__-1
S002__-1,5.4e-05,S104__+1
S101__+1,0.000291,Q123__+1
S101__+1,0.000218,S102__+1
S101__+1,0.000246,S103__+1
S101__+1,0.000192,S104__+1
S101__+1,0.000164,S105__+1
S101__+1,7.8e-05,S107__+1
S101__+1,7.9e-05,S111__+1
S101__+1,4.1e-05,S114__+1
S101__+1,0.000121,S115__+1
S101__+1,0.000181,S116__+1
S101__+1,0.000156,S121__+1
S102__+1,0.000218,S101__+1
S102__+1,6.5e-05,S121__+1
S102__+1,5.8e-05,S122__+1
S103.1__+1,4.8e-05,S103__+1
S103__+1,0.000246,S101__+1
S103__+1,4.8e-05,S103.1__+1
S104__+1,5.4e-05,S002__-1
S104__+1,0.000192,S101__+1
S105__+1,0.000164,S101__+1
S106__+1,5e-05,S107__+1
S107__+1,7.8e-05,S101__+1
S107__+1,5e-05,S106__+1
S107__+1,7.9e-05,S108__+1
S108__+1,7.9e-05,S107__+1
S108__+1,0.000118,S109__+1
S108__+1,0.00011,S110__+1
S109__+1,0.000118,S108__+1
S110__+1,0.00011,S108__+1
S111__+1,7.9e-05,S101__+1
S112__+1,2.6e-05,S114__+1
S113.1__+1,2.6e-05,S113__+1
S113__+1,2.6e-05,S113.1__+1
S113__+1,4.2e-05,S114__+1
S114__+1,4.1e-05,S101__+1
S114__+1,2.6e-05,S112__+1
S114__+1,4.2e-05,S113__+1
S115.1__+1,2.7e-05,S116__+1
S115__+1,0.000121,S101__+1
S115__+1,5.4e-05,S213__+2
S116__+1,0.000181,S101__+1
S116__+1,2.7e-05,S115.1__+1
S116__+1,4.5e-05,S117__+1
S116__+1,8.9e-05,S118__+1
S116__+1,6.7e-05,S119__+1
S117__+1,4.5e-05,S116__+1
S118__+1,8.9e-05,S116__+1
S119__+1,6.7e-05,S116__+1
S121__+1,0.000156,S101__+1
S121__+1,6.5e-05,S102__+1
S121__+1,5.4e-05,S201__+2
S122__+1,5.8e-05,S102__+1
S201__+2,5.4e-05,S121__+1
S201__+2,5.2e-05,S202__+2
S201__+2,0.000176,S203__+2
S202__+2,5.2e-05,S201__+2
S203__+2,0.000333,Q233__+2
S203__+2,0.000176,S201__+2
S203__+2,0.000164,S204__+2
S203__+2,0.0001,S207__+2
S203__+2,4.8e-05,S209__+2
S203__+2,4.6e-05,S211__+2
S203__+2,7.9e-05,S212__+2
S203__+2,0.000133,S213__+2
S203__+2,0.000209,S214__+2
S204__+2,0.000164,S203__+2
S204__+2,6.8e-05,S205__+2
S204__+2,9.4e-05,S206__+2
S205__+2,6.8e-05,S204__+2
S206__+2,9.4e-05,S204__+2
S206__+2,0.000118,S208__+2
S207__+2,0.0001,S203__+2
S208__+2,0.000118,S206__+2
S208__+2,0.00011,S210__+2
S209__+2,4.8e-05,S203__+2
S209__+2,7e-05,S210__+2
S210__+2,0.00011,S208__+2
S210__+2,7e-05,S209__+2
S210__+2,0.000104,S215__+2
S211__+2,4.6e-05,S203__+2
S212__+2,7.9e-05,S203__+2
S213__+2,5.4e-05,S115__+1
S213__+2,0.000133,S203__+2
S213__+2,5.4e-05,S301__+3
S214__+2,0.000209,S203__+2
S214__+2,8.5e-05,S215__+2
S215__+2,0.000104,S210__+2
S215__+2,8.5e-05,S214__+2
S301__+3,5.4e-05,S213__+2
__+2,8.4e-05,A201__+2
__+2,5.4e-05,__+3
__+3,7e-05,A209__+3
__+3,5.4e-05,__+2
extra_450_308__+1,0.000222,C106__+1
extra_450_308__+1,9.4e-05,C114__+1
extra_450_308__+1,0.000217,extra_486_308__+1
extra_486_308__+1,0.000354,C106__+1
extra_486_308__+1,0.000217,extra_450_308__+1
extra_486_308__+1,0.000106,extra_528_390__+1
extra_486_556__+1,5.9e-05,A101.1__+1
extra_486_556__+1,9e-05,A101__+1
extra_528_390__+1,7.3e-05,D101__+1
extra_528_390__+1,0.000125,D102__+1
extra_528_390__+1,0.000106,extra_486_308__+1
L301__+3,5.4e-05,L401__+4
L401__+4,5.4e-05,L301__+3
Q320__+3,5.4e-05,Q320__+4
Q320__+4,5.4e-05,Q320__+3
Q326__+3,5.4e-05,Q326__+4
Q326__+4,5.4e-05,Q326__+3
R301__+3,5.4e-05,R401__+4
R401__+4,5.4e-05,R301__+3
R307__+3,5.4e-05,R407__+4
R407__+4,5.4e-05,R307__+3
L401__+4,0.0001,L402__+4
L402__+4,0.0001,L401__+4
L402__+4,0.0001,L403__+4
L403__+4,0.0001,L402__+4
L402__+4,0.0001,L404__+4
L404__+4,0.0001,L402__+4
Q320__+4,0.0001,Q402__+4
Q402__+4,0.0001,Q320__+4
Q402__+4,0.0001,Q403__+4
Q403__+4,0.0001,Q402__+4
Q326__+4,0.0001,Q403__+4
Q403__+4,0.0001,Q326__+4
R401__+4,0.0001,R402__+4
R402__+4,0.0001,R401__+4
R401__+4,0.0001,R404__+4
R404__+4,0.0001,R401__+4
R405__+4,0.0001,R406__+4
R406__+4,0.0001,R405__+4
R405__+4,0.0001,R407__+4
R407__+4,0.0001,R405__+4
R405__+4,0.0001,R408__+4
R408__+4,0.0001,R405__+4
R406__+4,0.0001,R406.1__+4
R406.1__+4,0.0001,R406__+4
R406__+4,0.0001,R406.2__+4
R406.2__+4,0.0001,R406__+4
R408__+4,0.0001,R408.1__+4
R408.1__+4,0.0001,R408__+4
R408__+4,0.0001,R408.2__+4
R408.2__+4,0.0001,R408__+4
R408__+4,0.0001,R408.3__+4
R408.3__+4,0.0001,R408__+4
R408__+4,0.0001,R409__+4
R409__+4,0.0001,R408__+4
R409__+4,0.0001,R409.1__+4
R409.1__+4,0.0001,R409__+4
R409__+4,0.0001,R409.2__+4
R409.2__+4,0.0001,R409__+4
R409__+4,0.0001,R409.3__+4
R409.3__+4,0.0001,R409__+4
R410__+4,0.0001,R410.1__+4
R410.1__+4,0.0001,R410__+4
R410__+4,0.0001,R410.2__+4
R410.2__+4,0.0001,R410__+4
A108__+1,0.00015,L102__+1
L102__+1,0.00015,A108__+1
A000__-1,0.00012,A001__-1
A001__-1,0.00012,A000__-1
A214__+2,0.00015,L212__+2
L212__+2,0.00015,A214__+2
A101__+1,0.00015,extra_486_308__+1
extra_486_308__+1,0.00015,A101__+1
C133__+1,0.00045,extra_450_308__+1
extra_450_308__+1,0.00045,C133__+1
